{
	"info": {
		"_postman_id": "c125c079-4ac8-4882-9fe9-dc5a83804cdc",
		"name": "OECD_PoC",
		"schema": "https://schema.getpostman.com/json/collection/v2.1.0/collection.json",
		"_exporter_id": "13372601"
	},
	"item": [
		{
			"name": "Example Queries",
			"item": [
				{
					"name": "sulfur oxide emissions",
					"request": {
						"method": "GET",
						"header": [],
						"url": {
							"raw": "http://127.0.0.1:5000/query=What were the sulfur oxide emissions in Australia in 2013",
							"protocol": "http",
							"host": [
								"127",
								"0",
								"0",
								"1"
							],
							"port": "5000",
							"path": [
								"query=What were the sulfur oxide emissions in Australia in 2013"
							]
						}
					},
					"response": []
				},
				{
					"name": "industrial combustion",
					"request": {
						"method": "GET",
						"header": [],
						"url": {
							"raw": "http://127.0.0.1:5000/query=PM10 produced by industrial combustion in EU in 2015",
							"protocol": "http",
							"host": [
								"127",
								"0",
								"0",
								"1"
							],
							"port": "5000",
							"path": [
								"query=PM10 produced by industrial combustion in EU in 2015"
							]
						}
					},
					"response": []
				},
				{
					"name": "hours worked women Denmark",
					"request": {
						"method": "GET",
						"header": [],
						"url": {
							"raw": "http://127.0.0.1:5000/query=Full time number of hours worked in a week for women in Denmark",
							"protocol": "http",
							"host": [
								"127",
								"0",
								"0",
								"1"
							],
							"port": "5000",
							"path": [
								"query=Full time number of hours worked in a week for women in Denmark"
							]
						}
					},
					"response": []
				},
				{
					"name": "part time hours worked self-employed",
					"request": {
						"method": "GET",
						"header": [],
						"url": {
							"raw": "http://127.0.0.1:5000/query=part-time working hours in Italy self-employed male",
							"protocol": "http",
							"host": [
								"127",
								"0",
								"0",
								"1"
							],
							"port": "5000",
							"path": [
								"query=part-time working hours in Italy self-employed male"
							]
						}
					},
					"response": []
				},
				{
					"name": "average fresh water",
					"request": {
						"method": "GET",
						"header": [],
						"url": {
							"raw": "http://127.0.0.1:5000/query=percentage of fresh water resources in Finland in 2020",
							"protocol": "http",
							"host": [
								"127",
								"0",
								"0",
								"1"
							],
							"port": "5000",
							"path": [
								"query=percentage of fresh water resources in Finland in 2020"
							]
						}
					},
					"response": []
				},
				{
					"name": "monthly minimum wages",
					"request": {
						"method": "GET",
						"header": [],
						"url": {
							"raw": "http://127.0.0.1:5000/query=monthly minimum wages in Spain in 2018",
							"protocol": "http",
							"host": [
								"127",
								"0",
								"0",
								"1"
							],
							"port": "5000",
							"path": [
								"query=monthly minimum wages in Spain in 2018"
							]
						}
					},
					"response": []
				},
				{
					"name": "GDP USA",
					"request": {
						"method": "GET",
						"header": [],
						"url": {
							"raw": "http://127.0.0.1:5000/query=what was the Gross domestic product of USA in 2022",
							"protocol": "http",
							"host": [
								"127",
								"0",
								"0",
								"1"
							],
							"port": "5000",
							"path": [
								"query=what was the Gross domestic product of USA in 2022"
							]
						}
					},
					"response": []
				},
				{
					"name": "(LIMIT ERROR) TiVA all OECD countries",
					"request": {
						"method": "GET",
						"header": [],
						"url": {
							"raw": "http://127.0.0.1:5000/query=TiVA data of all OECD countries",
							"protocol": "http",
							"host": [
								"127",
								"0",
								"0",
								"1"
							],
							"port": "5000",
							"path": [
								"query=TiVA data of all OECD countries"
							]
						}
					},
					"response": []
				}
			]
		}
	]
}